{
  "1a-0-basic" : {"points":2, "question_id":"1a", "is_written":false, "is_extra_credit":false},
  "1a-1-hidden" : {"points":3, "question_id":"1a", "is_written":false, "is_extra_credit":false},

  "1b-0-basic" : {"points":2, "question_id":"1b", "is_written":false, "is_extra_credit":false},
  "1b-1-basic" : {"points":2, "question_id":"1b", "is_written":false, "is_extra_credit":false},
  "1b-2-basic" : {"points":2, "question_id":"1b", "is_written":false, "is_extra_credit":false},

  "1c-0-basic" : {"points":2, "question_id":"1c", "is_written":false, "is_extra_credit":false},
  "1c-1-basic" : {"points":2, "question_id":"1c", "is_written":false, "is_extra_credit":false},

  "1d" : {"points":3, "question_id":"1d", "is_written":true, "is_extra_credit":false},

  "1e-0-basic" : {"points":2, "question_id":"1e", "is_written":false, "is_extra_credit":false},
  "1e-1-hidden" : {"points":2, "question_id":"1e", "is_written":false, "is_extra_credit":false},

  "1f" : {"points":3, "question_id":"1f", "is_written":true, "is_extra_credit":false}
}