{
  "1a-0-basic" : {"points":1, "question_id":"1a", "is_written":false, "is_extra_credit":true},
  "1b-0-basic" : {"points":2, "question_id":"1b", "is_written":false, "is_extra_credit":true},
  "1c-0-basic" : {"points":2, "question_id":"1c", "is_written":false, "is_extra_credit":true},

  "2a-0-basic" : {"points":0.5, "question_id":"2a", "is_written":false, "is_extra_credit":true},
  "2b-0-basic" : {"points":0.5, "question_id":"2b", "is_written":false, "is_extra_credit":true},
  "2c-0-basic" : {"points":0.5, "question_id":"2c", "is_written":false, "is_extra_credit":true},
  "2d-0-basic" : {"points":0.5, "question_id":"2d", "is_written":false, "is_extra_credit":true},

  "3a-0-basic" : {"points":0.25, "question_id":"3a", "is_written":false, "is_extra_credit":true},
  "3a-1-basic" : {"points":0.25, "question_id":"3a", "is_written":false, "is_extra_credit":true},
  "3a-2-basic" : {"points":0.25, "question_id":"3a", "is_written":false, "is_extra_credit":true},
  "3a-3-basic" : {"points":0.25, "question_id":"3a", "is_written":false, "is_extra_credit":true},
  "3a-4-basic" : {"points":0.25, "question_id":"3a", "is_written":false, "is_extra_credit":true},
  "3a-5-basic" : {"points":0.25, "question_id":"3a", "is_written":false, "is_extra_credit":true},
  "3a-all-basic" : {"points":0.25, "question_id":"3a", "is_written":false, "is_extra_credit":true},
  "3a-run-basic" : {"points":0.25, "question_id":"3a", "is_written":false, "is_extra_credit":true},

  "4a" : {"points":1, "question_id":"4a", "is_written":true, "is_extra_credit":true},
  "4b" : {"points":1, "question_id":"4b", "is_written":true, "is_extra_credit":true},

  "5a-0-basic" : {"points":0.25, "question_id":"5a", "is_written":false, "is_extra_credit":true},
  "5a-1-basic" : {"points":0.25, "question_id":"5a", "is_written":false, "is_extra_credit":true},
  "5a-2-basic" : {"points":0.25, "question_id":"5a", "is_written":false, "is_extra_credit":true},
  "5a-3-basic" : {"points":0.25, "question_id":"5a", "is_written":false, "is_extra_credit":true},
  "5a-4-basic" : {"points":0.25, "question_id":"5a", "is_written":false, "is_extra_credit":true},
  "5a-5-basic" : {"points":0.25, "question_id":"5a", "is_written":false, "is_extra_credit":true},
  "5a-all-basic" : {"points":0.25, "question_id":"5a", "is_written":false, "is_extra_credit":true},
  "5a-run-basic" : {"points":0.25, "question_id":"5a", "is_written":false, "is_extra_credit":true},

  "5b" : {"points":1, "question_id":"5b", "is_written":true, "is_extra_credit":true},

  "6a-0-basic" : {"points":0.4, "question_id":"6a", "is_written":false, "is_extra_credit":true},
  "6a-1-basic" : {"points":0.4, "question_id":"6a", "is_written":false, "is_extra_credit":true},
  "6a-2-basic" : {"points":0.4, "question_id":"6a", "is_written":false, "is_extra_credit":true},
  "6a-3-basic" : {"points":0.4, "question_id":"6a", "is_written":false, "is_extra_credit":true},
  "6a-4-basic" : {"points":0.4, "question_id":"6a", "is_written":false, "is_extra_credit":true},

  "6b-0-basic" : {"points":0.5, "question_id":"6b", "is_written":false, "is_extra_credit":true},
  "6b-1-basic" : {"points":0.5, "question_id":"6b", "is_written":false, "is_extra_credit":true},
  "6b-2-basic" : {"points":1, "question_id":"6b", "is_written":false, "is_extra_credit":true},

  "6c-0-basic" : {"points":0.5, "question_id":"6c", "is_written":false, "is_extra_credit":true},
  "6c-1-basic" : {"points":0.5, "question_id":"6c", "is_written":false, "is_extra_credit":true},
  "6c-2-basic" : {"points":0.5, "question_id":"6c", "is_written":false, "is_extra_credit":true},
  "6c-3-basic" : {"points":0.5, "question_id":"6c", "is_written":false, "is_extra_credit":true}
}