{
  "1a" : {"points":3, "question_id":"1a", "is_written":true, "is_extra_credit":false},

  "1b-0-basic" : {"points":2, "question_id":"1b", "is_written":false, "is_extra_credit":false},
  "1b-1-basic" : {"points":2, "question_id":"1b", "is_written":false, "is_extra_credit":false},
  "1b-2-hidden" : {"points":3, "question_id":"1b", "is_written":false, "is_extra_credit":false},
  "1b-3-hidden" : {"points":4, "question_id":"1b", "is_written":false, "is_extra_credit":false},

  "2a" : {"points":3, "question_id":"2a", "is_written":true, "is_extra_credit":false},

  "2b-0-basic" : {"points":2, "question_id":"2b", "is_written":false, "is_extra_credit":false},
  "2b-1-hidden" : {"points":3, "question_id":"2b", "is_written":false, "is_extra_credit":false},
  "2b-2-hidden" : {"points":4, "question_id":"2b", "is_written":false, "is_extra_credit":false},
  "2b-3-hidden" : {"points":4, "question_id":"2b", "is_written":false, "is_extra_credit":false},

  "3a" : {"points":3, "question_id":"3a", "is_written":true, "is_extra_credit":false},

  "3b-0-basic" : {"points":2, "question_id":"3b", "is_written":false, "is_extra_credit":false},
  "3b-1-basic" : {"points":2, "question_id":"3b", "is_written":false, "is_extra_credit":false},
  "3b-2-hidden" : {"points":4, "question_id":"3b", "is_written":false, "is_extra_credit":false},
  "3b-3-hidden" : {"points":4, "question_id":"3b", "is_written":false, "is_extra_credit":false},
  "3b-4-hidden" : {"points":4, "question_id":"3b", "is_written":false, "is_extra_credit":false},

  "3c" : {"points":3, "question_id":"3c", "is_written":true, "is_extra_credit":false},

  "3d" : {"points":3, "question_id":"3d", "is_written":true, "is_extra_credit":false}
}